income_group,n_obs,auc
LMC,100,0.8648473034437947
UMC,108,0.9472502805836139
