income_group,n_obs,auc
HIC,202,0.7775
LMC,100,0.815464587394412
UMC,108,0.9326599326599326
