region,n_obs,n_crises,crisis_rate,auc,avg_precision
Sub-Saharan Africa,96,7,0.07291666666666667,0.8170144462279294,0.2570826352803097
Latin America & Caribbean,84,4,0.047619047619047616,0.94375,0.5317982456140351
East Asia & Pacific,78,2,0.02564102564102564,0.8026315789473685,0.13571428571428573
South Asia,12,6,0.5,0.8333333333333334,0.8357142857142856
Middle East & North Africa,46,5,0.10869565217391304,0.921951219512195,0.4997979797979797
Europe & Central Asia,116,8,0.06896551724137931,0.888888888888889,0.43581117766568583
