sim_debt_divergence_corr,emp_debt_divergence_corr,sim_default_divergence,sim_nondefault_divergence
-0.037176868404133784,-0.03462712993293374,0.1605164548712935,0.14429450757575754
