,gdp_growth,gdp_growth,gdp_growth,inflation,inflation,inflation,debt_to_gdp,debt_to_gdp,debt_to_gdp,current_account_gdp,current_account_gdp,current_account_gdp,reserves_months,reserves_months,reserves_months,nightlight_growth,nightlight_growth,nightlight_growth,divergence_index,divergence_index,divergence_index,avg_tone,avg_tone,avg_tone,avg_goldstein,avg_goldstein,avg_goldstein
,mean,std,count,mean,std,count,mean,std,count,mean,std,count,mean,std,count,mean,std,count,mean,std,count,mean,std,count,mean,std,count
crisis_target,,,,,,,,,,,,,,,,,,,,,,,,,,,
0,3.839175704199611,6.029123380102043,2423,7.907522451176058,23.87329203017742,2230,47.382076826182214,25.547042943573295,561,-3.652188950687777,16.89210851929284,2125,5.540749071957999,5.788676588699729,1902,57.67479819974082,302.0836868270224,677,49.825944969820284,264.3377756483404,658,-1.6228612426812554,1.9437880657873992,1502,0.7584301072585515,2.3979786225249606,1502
1,3.5096139990212767,5.009717661906025,216,7.454206096483639,8.703451674689848,202,49.8438169087192,24.340180836787752,54,-6.413943745914143,8.540254475967224,194,3.932512188407695,2.8147305111681904,193,41.65555402190056,134.55914724155585,73,39.941975726799654,134.79483352126152,73,-1.8949377791092838,2.3134608722300634,152,0.4991209660814559,2.3772099479672635,152
