specification,n_windows,mean_auc,std_auc,min_auc,mean_avg_precision,std_avg_precision,min_avg_precision
Macro + Satellite,5,0.7592568177766895,0.04905952517392592,0.7029411764705882,0.36554582003523595,0.1823945455709978,0.14474075672905928
Macro Only,5,0.7585559590050596,0.044967908135779604,0.7029411764705882,0.34470633059472944,0.13705722428973233,0.14474075672905928
All Features,5,0.7903201764220453,0.08084473084130925,0.723613251155624,0.33527910729726684,0.14472920816713383,0.20588639457430746
Macro + Text,5,0.7673436227862531,0.059121523280249534,0.7114163090128757,0.29153740824247326,0.11126308247852912,0.16314266159853627
